Hotels,Link,Price,Reviews
Lovely 1 bedroom with ocean view,www.airbnb.co.in/rooms/545976403543824155?adults=1&check_in=2023-01-29&check_out=2023-01-31&previous_page_section_name=1000,"‚Çπ4,254 per night","4.81 out of 5 average rating,  37 reviews"
RASDHOO Budget private room with private bathroom,www.airbnb.co.in/rooms/36681839?adults=1&check_in=2023-01-29&check_out=2023-01-31&previous_page_section_name=1000,"‚Çπ4,873 per night","4.88 out of 5 average rating,  32 reviews"
Nirili villa,www.airbnb.co.in/rooms/47858268?adults=1&check_in=2023-01-29&check_out=2023-01-31&previous_page_section_name=1000,"‚Çπ2,458 per night","4.88 out of 5 average rating,  8 reviews"
Dhangethi retreat,www.airbnb.co.in/rooms/27628397?adults=1&check_in=2023-01-29&check_out=2023-01-31&previous_page_section_name=1000,"‚Çπ7,177 per night","4.95 out of 5 average rating,  22 reviews"
VIVA Beach & Spa Maldives,www.airbnb.co.in/rooms/15837309?adults=1&check_in=2023-01-29&check_out=2023-01-31&previous_page_section_name=1000,"‚Çπ6,144 per night","4.85 out of 5 average rating,  46 reviews"
Captal Island Retreat,www.airbnb.co.in/rooms/23766524?adults=1&check_in=2023-01-29&check_out=2023-01-31&previous_page_section_name=1000,"‚Çπ6,521 per night","4.79 out of 5 average rating,  14 reviews"
Deluxe Balcony Room Deluxe with Balcony,www.airbnb.co.in/rooms/696698479304636480?adults=1&check_in=2023-01-29&check_out=2023-01-31&previous_page_section_name=1000,"‚Çπ8,452 per night","5.0 out of 5 average rating,  7 reviews"
Holiday Home- Gaafaru,www.airbnb.co.in/rooms/32061338?adults=1&check_in=2023-01-29&check_out=2023-01-31&previous_page_section_name=1000,"‚Çπ7,090 per night","4.96 out of 5 average rating,  23 reviews"
Royal Stay Thoddoo,www.airbnb.co.in/rooms/22020641?adults=1&check_in=2023-01-29&check_out=2023-01-31&previous_page_section_name=1000,"‚Çπ6,806 per night","4.65 out of 5 average rating,  17 reviews"
Affordable Stay in Maldives,www.airbnb.co.in/rooms/9596962?adults=1&check_in=2023-01-29&check_out=2023-01-31&previous_page_section_name=1000,"‚Çπ2,422 per night","4.62 out of 5 average rating,  42 reviews"
ISLAND ZEPHYR,www.airbnb.co.in/rooms/52839845?adults=1&check_in=2023-01-29&check_out=2023-01-31&previous_page_section_name=1000,"‚Çπ6,144 per night",No Review
The Castaway Retreat Twin or Double Room,www.airbnb.co.in/rooms/39748882?adults=1&check_in=2023-01-29&check_out=2023-01-31&previous_page_section_name=1000,"‚Çπ8,413 per night",No Review
perfect stay curated near the beach,www.airbnb.co.in/rooms/753559001032741191?adults=1&check_in=2023-01-29&check_out=2023-01-31&previous_page_section_name=1000,"‚Çπ8,981 per night",New place to stay
"Vevu Villa, Local Island getaway",www.airbnb.co.in/rooms/774825429951579124?adults=1&check_in=2023-01-29&check_out=2023-01-31&previous_page_section_name=1000,"‚Çπ6,617 per night",New place to stay
Water Villa with Private Pool,www.airbnb.co.in/rooms/697439811231947410?adults=1&check_in=2023-01-29&check_out=2023-01-31&previous_page_section_name=1000,"‚Çπ68,353 per night",No Review
"maldives, UNESCO's biosphere reserve",www.airbnb.co.in/rooms/757911941475618072?adults=1&check_in=2023-01-29&check_out=2023-01-31&previous_page_section_name=1000,"‚Çπ4,680 per night",New place to stay
"Private Room In Fodhdhoo, VelaaGardenView Maldives",www.airbnb.co.in/rooms/718732884736983855?adults=1&check_in=2023-01-29&check_out=2023-01-31&previous_page_section_name=1000,"‚Çπ3,970 per night",No Review
Hotel room 01,www.airbnb.co.in/rooms/10539971?adults=1&check_in=2023-01-29&check_out=2023-01-31&previous_page_section_name=1000,"‚Çπ4,383 per night","3.88 out of 5 average rating,  8 reviews"
Charming Beach Villa at Private Island Resort,www.airbnb.co.in/rooms/740382368952542950?adults=1&check_in=2023-01-29&check_out=2023-01-31&previous_page_section_name=1000,"‚Çπ25,815 per night",New place to stay
"Inguraidhoo Beach Inn, R.Inguraidhoo",www.airbnb.co.in/rooms/656792415066420935?adults=1&check_in=2023-01-29&check_out=2023-01-31&previous_page_section_name=1000,"‚Çπ3,308 per night",No Review
homestay in the sea of stars,www.airbnb.co.in/rooms/766266819621069158?adults=1&check_in=2023-01-29&check_out=2023-01-31&previous_page_section_name=1000,"‚Çπ5,672 per night",New place to stay
Twin room on beachfront on a local island,www.airbnb.co.in/rooms/501880677392865570?adults=1&check_in=2023-01-29&check_out=2023-01-31&previous_page_section_name=1000,"‚Çπ5,384 per night",No Review
must be the sunshine,www.airbnb.co.in/rooms/37062078?adults=1&check_in=2023-01-29&check_out=2023-01-31&previous_page_section_name=1000,"‚Çπ2,836 per night",No Review
Alvi Star Inn,www.airbnb.co.in/rooms/10746168?adults=1&check_in=2023-01-29&check_out=2023-01-31&previous_page_section_name=1000,"‚Çπ5,199 per night",No Review
Vovoy beach view - worldwork travels,www.airbnb.co.in/rooms/42892775?adults=1&check_in=2023-01-29&check_out=2023-01-31&previous_page_section_name=1000,"‚Çπ5,199 per night",No Review
Small AC Room / Close to Airport,www.airbnb.co.in/rooms/768094124479432197?adults=1&check_in=2023-01-29&check_out=2023-01-31&previous_page_section_name=1000,"‚Çπ2,836 per night","5.0 out of 5 average rating,  5 reviews"
Lovely 1 Private Room from a Sharing Apartment.,www.airbnb.co.in/rooms/50789088?adults=1&check_in=2023-01-29&check_out=2023-01-31&previous_page_section_name=1000,"‚Çπ4,851 per night","4.98 out of 5 average rating,  47 reviews"
Villingili Sea View,www.airbnb.co.in/rooms/31304596?adults=1&check_in=2023-01-29&check_out=2023-01-31&previous_page_section_name=1000,"‚Çπ6,581 per night","4.9 out of 5 average rating,  95 reviews"
Holiday Hotel Room near beach,www.airbnb.co.in/rooms/722532473215348525?adults=1&check_in=2023-01-29&check_out=2023-01-31&previous_page_section_name=1000,"‚Çπ3,669 per night","4.33 out of 5 average rating,  6 reviews"
Maldives Divers' Haven by Rasdhoo Coralville,www.airbnb.co.in/rooms/37435149?adults=1&check_in=2023-01-29&check_out=2023-01-31&previous_page_section_name=1000,"‚Çπ4,727 per night","4.86 out of 5 average rating,  7 reviews"
Nap for Sale on Space Pod,www.airbnb.co.in/rooms/26633984?adults=1&check_in=2023-01-29&check_out=2023-01-31&previous_page_section_name=1000,"‚Çπ2,651 per night","4.46 out of 5 average rating,  46 reviews"
Cozy One Bedroom Apartment in Hulhumale,www.airbnb.co.in/rooms/696262069397786682?adults=1&check_in=2023-01-29&check_out=2023-01-31&previous_page_section_name=1000,"‚Çπ9,264 per night","5.0 out of 5 average rating,  6 reviews"
1 room for rent in hulhumale,www.airbnb.co.in/rooms/783637298030866240?adults=1&check_in=2023-01-29&check_out=2023-01-31&previous_page_section_name=1000,"‚Çπ2,514 per night",New place to stay
Budget Stay for Couples & Families-Maldives,www.airbnb.co.in/rooms/32455352?adults=1&check_in=2023-01-29&check_out=2023-01-31&previous_page_section_name=1000,"‚Çπ4,970 per night","4.62 out of 5 average rating,  39 reviews"
03 Chao Guesthouse Maafushi.,www.airbnb.co.in/rooms/18052309?adults=1&check_in=2023-01-29&check_out=2023-01-31&previous_page_section_name=1000,"‚Çπ4,680 per night","4.5 out of 5 average rating,  22 reviews"
‚òÖ‚òÖ‚òÖ Maldives Turquoise Beach Residence Hulhumale,www.airbnb.co.in/rooms/656529977962171280?adults=1&check_in=2023-01-29&check_out=2023-01-31&previous_page_section_name=1000,"‚Çπ3,905 per night","4.25 out of 5 average rating,  12 reviews"
Comfortable 1 room,www.airbnb.co.in/rooms/787342657466249210?adults=1&check_in=2023-01-29&check_out=2023-01-31&previous_page_section_name=1000,"‚Çπ2,874 per night, originally ‚Çπ3,503",New place to stay
Delightful Private Room in Beach Boutique Hotel,www.airbnb.co.in/rooms/722527783551587270?adults=1&check_in=2023-01-29&check_out=2023-01-31&previous_page_section_name=1000,"‚Çπ2,837 per night","4.5 out of 5 average rating,  4 reviews"
Koimala Beach,www.airbnb.co.in/rooms/31033924?adults=1&check_in=2023-01-29&check_out=2023-01-31&previous_page_section_name=1000,"‚Çπ8,377 per night",No Review
‚ú∏‚ú∏‚ú∏ Boutique Hotel Turquoise Residence Beach HM,www.airbnb.co.in/rooms/669887443859913078?adults=1&check_in=2023-01-29&check_out=2023-01-31&previous_page_section_name=1000,"‚Çπ3,716 per night","4.1 out of 5 average rating,  10 reviews"
01 Chao Guesthouse Maafushi.,www.airbnb.co.in/rooms/17598631?adults=1&check_in=2023-01-29&check_out=2023-01-31&previous_page_section_name=1000,"‚Çπ3,951 per night","4.73 out of 5 average rating,  59 reviews"
Rasdhoo Stay,www.airbnb.co.in/rooms/31526211?adults=1&check_in=2023-01-29&check_out=2023-01-31&previous_page_section_name=1000,"‚Çπ5,672 per night","4.53 out of 5 average rating,  18 reviews"
Planktons Beach - Maldives Islands,www.airbnb.co.in/rooms/12203060?adults=1&check_in=2023-01-29&check_out=2023-01-31&previous_page_section_name=1000,"‚Çπ7,468 per night","4.81 out of 5 average rating,  16 reviews"
Batuta Maldives Surf View guest house,www.airbnb.co.in/rooms/30101496?adults=1&check_in=2023-01-29&check_out=2023-01-31&previous_page_section_name=1000,"‚Çπ5,105 per night","4.9 out of 5 average rating,  20 reviews"
Holiday Haven Ukulhas,www.airbnb.co.in/rooms/15975834?adults=1&check_in=2023-01-29&check_out=2023-01-31&previous_page_section_name=1000,"‚Çπ8,508 per night","5.0 out of 5 average rating,  3 reviews"
"iSOLA Guesthouse & Spa, your home away from home ü§ó",www.airbnb.co.in/rooms/7776992?adults=1&check_in=2023-01-29&check_out=2023-01-31&previous_page_section_name=1000,"‚Çπ5,199 per night","4.5 out of 5 average rating,  11 reviews"
Mathiveri Maldives holiday,www.airbnb.co.in/rooms/604015387261539178?adults=1&check_in=2023-01-29&check_out=2023-01-31&previous_page_section_name=1000,"‚Çπ2,848 per night",No Review
"Mahchavaru Maldives has everything you need,",www.airbnb.co.in/rooms/685389722691382230?adults=1&check_in=2023-01-29&check_out=2023-01-31&previous_page_section_name=1000,"‚Çπ5,530 per night",No Review
A very human experience in Male' Maldives,www.airbnb.co.in/rooms/53657911?adults=1&check_in=2023-01-29&check_out=2023-01-31&previous_page_section_name=1000,"‚Çπ2,836 per night","4.75 out of 5 average rating,  12 reviews"
Batuta Maldives Surf View,www.airbnb.co.in/rooms/11290216?adults=1&check_in=2023-01-29&check_out=2023-01-31&previous_page_section_name=1000,"‚Çπ4,594 per night, originally ‚Çπ5,041","4.62 out of 5 average rating,  46 reviews"
Private entry Room with shower,www.airbnb.co.in/rooms/712801524971277147?adults=1&check_in=2023-01-29&check_out=2023-01-31&previous_page_section_name=1000,"‚Çπ2,576 per night",No Review
"Holiday COTTAGE, Thoddoo Island, Maldives",www.airbnb.co.in/rooms/4212088?adults=1&check_in=2023-01-29&check_out=2023-01-31&previous_page_section_name=1000,"‚Çπ8,981 per night","4.94 out of 5 average rating,  35 reviews"
Enjoy your dream holiday in Maldives,www.airbnb.co.in/rooms/28473953?adults=1&check_in=2023-01-29&check_out=2023-01-31&previous_page_section_name=1000,"‚Çπ5,672 per night",No Review
Vacation Home Thoddoo,www.airbnb.co.in/rooms/2776231?adults=1&check_in=2023-01-29&check_out=2023-01-31&previous_page_section_name=1000,"‚Çπ6,144 per night","4.25 out of 5 average rating,  5 reviews"
A garden front couples room.,www.airbnb.co.in/rooms/48150893?adults=1&check_in=2023-01-29&check_out=2023-01-31&previous_page_section_name=1000,"‚Çπ4,254 per night",No Review
Happy home in Mathiveri,www.airbnb.co.in/rooms/668734485337402280?adults=1&check_in=2023-01-29&check_out=2023-01-31&previous_page_section_name=1000,"‚Çπ4,159 per night",No Review
Karaa Village [A.A. Thoddoo] Maldives,www.airbnb.co.in/rooms/34049176?adults=1&check_in=2023-01-29&check_out=2023-01-31&previous_page_section_name=1000,"‚Çπ6,617 per night","4.83 out of 5 average rating,  6 reviews"
Welcome to Ramzu Villa Thoddoo,www.airbnb.co.in/rooms/732271618062531591?adults=1&check_in=2023-01-29&check_out=2023-01-31&previous_page_section_name=1000,"‚Çπ6,652 per night",No Review
Affordable bedroom with living room and kitchen,www.airbnb.co.in/rooms/612520598377511059?adults=1&check_in=2023-01-29&check_out=2023-01-31&previous_page_section_name=1000,"‚Çπ4,449 per night",No Review
Horsburgh Island Guesthouse,www.airbnb.co.in/rooms/30299220?adults=1&check_in=2023-01-29&check_out=2023-01-31&previous_page_section_name=1000,"‚Çπ6,627 per night",No Review
Beach Cottage.,www.airbnb.co.in/rooms/32189154?adults=1&check_in=2023-01-29&check_out=2023-01-31&previous_page_section_name=1000,"‚Çπ8,981 per night","4.33 out of 5 average rating,  3 reviews"
K. INN Kaashidhoo,www.airbnb.co.in/rooms/5500163?adults=1&check_in=2023-01-29&check_out=2023-01-31&previous_page_section_name=1000,"‚Çπ2,894 per night","4.76 out of 5 average rating,  58 reviews"
Thoddoo Beach View,www.airbnb.co.in/rooms/34876384?adults=1&check_in=2023-01-29&check_out=2023-01-31&previous_page_section_name=1000,"‚Çπ5,956 per night","5.0 out of 5 average rating,  3 reviews"
Deluxe Double Room with Free Breakfast.,www.airbnb.co.in/rooms/46032992?adults=1&check_in=2023-01-29&check_out=2023-01-31&previous_page_section_name=1000,"‚Çπ6,019 per night",No Review
Charming 11 Rooms with attached toilet & Lobby,www.airbnb.co.in/rooms/673668994160682681?adults=1&check_in=2023-01-29&check_out=2023-01-31&previous_page_section_name=1000,"‚Çπ4,727 per night",No Review
Ari Villa Mathiveri,www.airbnb.co.in/rooms/41247655?adults=1&check_in=2023-01-29&check_out=2023-01-31&previous_page_section_name=1000,"‚Çπ7,041 per night",No Review
"Acqua Blu Rasdhoo, Maldives",www.airbnb.co.in/rooms/17241358?adults=1&check_in=2023-01-29&check_out=2023-01-31&previous_page_section_name=1000,"‚Çπ7,487 per night","4.88 out of 5 average rating,  8 reviews"
Noomuraka Inn,www.airbnb.co.in/rooms/22487402?adults=1&check_in=2023-01-29&check_out=2023-01-31&previous_page_section_name=1000,"‚Çπ5,483 per night","4.88 out of 5 average rating,  9 reviews"
Bright & Spacious Room in Thoddoo,www.airbnb.co.in/rooms/53962379?adults=1&check_in=2023-01-29&check_out=2023-01-31&previous_page_section_name=1000,"‚Çπ8,508 per night",No Review
White Rose Smart Guest House,www.airbnb.co.in/rooms/36138184?adults=1&check_in=2023-01-29&check_out=2023-01-31&previous_page_section_name=1000,"‚Çπ3,781 per night",No Review
Private room in Secluded  Island,www.airbnb.co.in/rooms/719584259757889001?adults=1&check_in=2023-01-29&check_out=2023-01-31&previous_page_section_name=1000,"‚Çπ9,476 per night",No Review
"Holiday GRAND, Thoddoo Island, Maldives",www.airbnb.co.in/rooms/8961234?adults=1&check_in=2023-01-29&check_out=2023-01-31&previous_page_section_name=1000,"‚Çπ9,453 per night","4.86 out of 5 average rating,  7 reviews"
A boutique type hotel near the Beach,www.airbnb.co.in/rooms/48355442?adults=1&check_in=2023-01-29&check_out=2023-01-31&previous_page_section_name=1000,"‚Çπ3,899 per night","4.25 out of 5 average rating,  4 reviews"
Ocean Beach Inn - Maldives.,www.airbnb.co.in/rooms/21717400?adults=1&check_in=2023-01-29&check_out=2023-01-31&previous_page_section_name=1000,"‚Çπ6,617 per night","4.67 out of 5 average rating,  12 reviews"
Ocean Pearl Maldives,www.airbnb.co.in/rooms/48128068?adults=1&check_in=2023-01-29&check_out=2023-01-31&previous_page_section_name=1000,"‚Çπ5,799 per night",No Review
Rasdhoo Grand & Spa,www.airbnb.co.in/rooms/30439301?adults=1&check_in=2023-01-29&check_out=2023-01-31&previous_page_section_name=1000,"‚Çπ6,144 per night",No Review
1 Private room with attached toilet in hulhumale,www.airbnb.co.in/rooms/47842948?adults=1&check_in=2023-01-29&check_out=2023-01-31&previous_page_section_name=1000,"‚Çπ4,301 per night","4.25 out of 5 average rating,  32 reviews"
Fanfini Residences,www.airbnb.co.in/rooms/574193799397414582?adults=1&check_in=2023-01-29&check_out=2023-01-31&previous_page_section_name=1000,"‚Çπ6,144 per night","4.5 out of 5 average rating,  6 reviews"
Charming Boutique Hotel with swimming pool,www.airbnb.co.in/rooms/719270648299767548?adults=1&check_in=2023-01-29&check_out=2023-01-31&previous_page_section_name=1000,"‚Çπ5,926 per night",No Review
We Make Your Holiday Perfect.,www.airbnb.co.in/rooms/53583438?adults=1&check_in=2023-01-29&check_out=2023-01-31&previous_page_section_name=1000,"‚Çπ11,367 per night",No Review
Noovilu Suites - the family guesthouse in Maldives,www.airbnb.co.in/rooms/10542578?adults=1&check_in=2023-01-29&check_out=2023-01-31&previous_page_section_name=1000,"‚Çπ6,428 per night","4.84 out of 5 average rating,  56 reviews"
Room Apartment in Maldive island.,www.airbnb.co.in/rooms/5512342?adults=1&check_in=2023-01-29&check_out=2023-01-31&previous_page_section_name=1000,"‚Çπ2,894 per night","4.78 out of 5 average rating,  80 reviews"
Surf Retreat Maldives,www.airbnb.co.in/rooms/22481388?adults=1&check_in=2023-01-29&check_out=2023-01-31&previous_page_section_name=1000,"‚Çπ7,621 per night","5.0 out of 5 average rating,  4 reviews"
Goby Lodge & Guesthouse,www.airbnb.co.in/rooms/38639645?adults=1&check_in=2023-01-29&check_out=2023-01-31&previous_page_section_name=1000,"‚Çπ3,781 per night","4.57 out of 5 average rating,  7 reviews"
Rosemary Boutique : stay comfortably make memories,www.airbnb.co.in/rooms/48477486?adults=1&check_in=2023-01-29&check_out=2023-01-31&previous_page_section_name=1000,"‚Çπ5,672 per night","4.82 out of 5 average rating,  11 reviews"
Thoddoo Inn,www.airbnb.co.in/rooms/32387031?adults=1&check_in=2023-01-29&check_out=2023-01-31&previous_page_section_name=1000,"‚Çπ12,194 per night","4.75 out of 5 average rating,  8 reviews"
Midsummer Thulusdhoo: Midsummer Adventure,www.airbnb.co.in/rooms/19555885?adults=1&check_in=2023-01-29&check_out=2023-01-31&previous_page_section_name=1000,"‚Çπ4,142 per night","4.8 out of 5 average rating,  10 reviews"
Superior Room - 30 Minutes Speedboat from Airport,www.airbnb.co.in/rooms/739703106644909082?adults=1&check_in=2023-01-29&check_out=2023-01-31&previous_page_section_name=1000,"‚Çπ17,983 per night",New place to stay
Ukulhas Beach Inn,www.airbnb.co.in/rooms/7196002?adults=1&check_in=2023-01-29&check_out=2023-01-31&previous_page_section_name=1000,"‚Çπ7,787 per night, originally ‚Çπ8,698","4.2 out of 5 average rating,  6 reviews"
Pleasant 1 bedroom from an apartment,www.airbnb.co.in/rooms/573636957067727696?adults=1&check_in=2023-01-29&check_out=2023-01-31&previous_page_section_name=1000,"‚Çπ5,672 per night","4.9 out of 5 average rating,  10 reviews"
08 Chao Guesthouse Maafushi. First floor,www.airbnb.co.in/rooms/44429028?adults=1&check_in=2023-01-29&check_out=2023-01-31&previous_page_section_name=1000,"‚Çπ4,159 per night","4.75 out of 5 average rating,  16 reviews"
"Affordable Rooms in Maafushi, Maldives",www.airbnb.co.in/rooms/41839665?adults=1&check_in=2023-01-29&check_out=2023-01-31&previous_page_section_name=1000,"‚Çπ7,090 per night","4.85 out of 5 average rating,  20 reviews"
Beach Albatross Hotel & Residence in Hulhumale,www.airbnb.co.in/rooms/736057247782718777?adults=1&check_in=2023-01-29&check_out=2023-01-31&previous_page_section_name=1000,"‚Çπ11,343 per night","5.0 out of 5 average rating,  4 reviews"
Dhangethi Inn,www.airbnb.co.in/rooms/38685992?adults=1&check_in=2023-01-29&check_out=2023-01-31&previous_page_section_name=1000,"‚Çπ4,727 per night",No Review
Brickwood Sunset Beach,www.airbnb.co.in/rooms/22811568?adults=1&check_in=2023-01-29&check_out=2023-01-31&previous_page_section_name=1000,"‚Çπ7,090 per night","4.7 out of 5 average rating,  27 reviews"
"Rasdhoo Dive Lodge, Maldives",www.airbnb.co.in/rooms/21408526?adults=1&check_in=2023-01-29&check_out=2023-01-31&previous_page_section_name=1000,"‚Çπ8,981 per night","4.79 out of 5 average rating,  14 reviews"
Beach Veli Superior Room,www.airbnb.co.in/rooms/18221876?adults=1&check_in=2023-01-29&check_out=2023-01-31&previous_page_section_name=1000,"‚Çπ11,481 per night","4.88 out of 5 average rating,  28 reviews"
"Azoush Tourist Guesthouse, Fulhadho",www.airbnb.co.in/rooms/764091?adults=1&check_in=2023-01-29&check_out=2023-01-31&previous_page_section_name=1000,"‚Çπ14,179 per night",No Review
Fanfini Residences,www.airbnb.co.in/rooms/572788229195217055?adults=1&check_in=2023-01-29&check_out=2023-01-31&previous_page_section_name=1000,"‚Çπ6,144 per night","4.43 out of 5 average rating,  7 reviews"
Shallow Lagoon Sunset,www.airbnb.co.in/rooms/33861033?adults=1&check_in=2023-01-29&check_out=2023-01-31&previous_page_section_name=1000,"‚Çπ5,956 per night",No Review
Mendhoo Stay,www.airbnb.co.in/rooms/23441650?adults=1&check_in=2023-01-29&check_out=2023-01-31&previous_page_section_name=1000,"‚Çπ3,970 per night",New place to stay
Rasdhoo is Paradise!,www.airbnb.co.in/rooms/18147093?adults=1&check_in=2023-01-29&check_out=2023-01-31&previous_page_section_name=1000,"‚Çπ8,508 per night","5.0 out of 5 average rating,  3 reviews"
Go Surf Maldives,www.airbnb.co.in/rooms/782563785949431976?adults=1&check_in=2023-01-29&check_out=2023-01-31&previous_page_section_name=1000,"‚Çπ5,142 per night, originally ‚Çπ6,269",New place to stay
Akiri surf retreat single room,www.airbnb.co.in/rooms/32644992?adults=1&check_in=2023-01-29&check_out=2023-01-31&previous_page_section_name=1000,"‚Çπ5,199 per night","5.0 out of 5 average rating,  8 reviews"
Raalhu Dhangethi,www.airbnb.co.in/rooms/37385432?adults=1&check_in=2023-01-29&check_out=2023-01-31&previous_page_section_name=1000,"‚Çπ4,254 per night",No Review
Rashuthere Maldives,www.airbnb.co.in/rooms/23933674?adults=1&check_in=2023-01-29&check_out=2023-01-31&previous_page_section_name=1000,"‚Çπ4,254 per night",No Review
The Amazing Noovilu Guesthouse&Food,www.airbnb.co.in/rooms/1744102?adults=1&check_in=2023-01-29&check_out=2023-01-31&previous_page_section_name=1000,"‚Çπ11,816 per night","4.65 out of 5 average rating,  80 reviews"
ODI KAMADHOO,www.airbnb.co.in/rooms/23297859?adults=1&check_in=2023-01-29&check_out=2023-01-31&previous_page_section_name=1000,"‚Çπ8,981 per night","5.0 out of 5 average rating,  6 reviews"
A beach Hotel with a view! Make your memories here,www.airbnb.co.in/rooms/48010161?adults=1&check_in=2023-01-29&check_out=2023-01-31&previous_page_section_name=1000,"‚Çπ9,358 per night",No Review
"Leisure inn.Free Wifi+double bed+coffee,tea @ room",www.airbnb.co.in/rooms/40739931?adults=1&check_in=2023-01-29&check_out=2023-01-31&previous_page_section_name=1000,"‚Çπ5,199 per night",No Review
Violet Inn B. Dharavandhoo,www.airbnb.co.in/rooms/47167261?adults=1&check_in=2023-01-29&check_out=2023-01-31&previous_page_section_name=1000,"‚Çπ4,328 per night",No Review
Welcome to Kamadhoo Inn - feel the island life,www.airbnb.co.in/rooms/739442937897645850?adults=1&check_in=2023-01-29&check_out=2023-01-31&previous_page_section_name=1000,"‚Çπ6,381 per night",New place to stay
Amazing Sea View room-60 minutes to airport,www.airbnb.co.in/rooms/742031178739588510?adults=1&check_in=2023-01-29&check_out=2023-01-31&previous_page_section_name=1000,"‚Çπ12,878 per night",New place to stay
Luxury Beach Cabin - 30 mins from Airport,www.airbnb.co.in/rooms/48918523?adults=1&check_in=2023-01-29&check_out=2023-01-31&previous_page_section_name=1000,"‚Çπ23,632 per night","4.8 out of 5 average rating,  10 reviews"
Private Room Nestled Amidst Watermelon Fields,www.airbnb.co.in/rooms/46186435?adults=1&check_in=2023-01-29&check_out=2023-01-31&previous_page_section_name=1000,"‚Çπ11,343 per night",No Review
Rameez,www.airbnb.co.in/rooms/37560520?adults=1&check_in=2023-01-29&check_out=2023-01-31&previous_page_section_name=1000,"‚Çπ5,199 per night",No Review
Acqua Vista Rasdhoo üê¨,www.airbnb.co.in/rooms/31164571?adults=1&check_in=2023-01-29&check_out=2023-01-31&previous_page_section_name=1000,"‚Çπ8,319 per night","5.0 out of 5 average rating,  4 reviews"
Island Luxury - 5* Seaview Room in Maafushi,www.airbnb.co.in/rooms/21039098?adults=1&check_in=2023-01-29&check_out=2023-01-31&previous_page_section_name=1000,"‚Çπ16,070 per night, originally ‚Çπ18,555","5.0 out of 5 average rating,  8 reviews"
Cozy private room next to the beach with wifi,www.airbnb.co.in/rooms/758495624425336678?adults=1&check_in=2023-01-29&check_out=2023-01-31&previous_page_section_name=1000,"‚Çπ4,537 per night",New place to stay
Kihaa holiday home,www.airbnb.co.in/rooms/22494145?adults=1&check_in=2023-01-29&check_out=2023-01-31&previous_page_section_name=1000,"‚Çπ6,239 per night",No Review
5* Room in Maafushi - Steps from the beach,www.airbnb.co.in/rooms/15778515?adults=1&check_in=2023-01-29&check_out=2023-01-31&previous_page_section_name=1000,"‚Çπ9,453 per night","4.8 out of 5 average rating,  5 reviews"
Madi Finolhu Guest House,www.airbnb.co.in/rooms/11230943?adults=1&check_in=2023-01-29&check_out=2023-01-31&previous_page_section_name=1000,"‚Çπ6,617 per night",No Review
your holiday home _ velivilla thoddoo,www.airbnb.co.in/rooms/712907480032862496?adults=1&check_in=2023-01-29&check_out=2023-01-31&previous_page_section_name=1000,"‚Çπ7,090 per night",No Review
"Vevu Villa, Local Island getaway",www.airbnb.co.in/rooms/768707811113729623?adults=1&check_in=2023-01-29&check_out=2023-01-31&previous_page_section_name=1000,"‚Çπ5,352 per night, originally ‚Çπ6,512",New place to stay
Rasvillage Romantic Getaway,www.airbnb.co.in/rooms/748856528726121010?adults=1&check_in=2023-01-29&check_out=2023-01-31&previous_page_section_name=1000,"‚Çπ4,537 per night",New place to stay
Thundi Village and Spa,www.airbnb.co.in/rooms/781497369618213108?adults=1&check_in=2023-01-29&check_out=2023-01-31&previous_page_section_name=1000,"‚Çπ5,521 per night, originally ‚Çπ6,730",New place to stay
Leisure Inn Guest House,www.airbnb.co.in/rooms/39680030?adults=1&check_in=2023-01-29&check_out=2023-01-31&previous_page_section_name=1000,"‚Çπ5,199 per night",No Review
Lovely 2 bedroom apartment in Vilingili (vilimale),www.airbnb.co.in/rooms/696280400571748165?adults=1&check_in=2023-01-29&check_out=2023-01-31&previous_page_section_name=1000,"‚Çπ8,981 per night","5.0 out of 5 average rating,  5 reviews"
Dhigurah Retreat Beach - Your home in Paradise,www.airbnb.co.in/rooms/23224973?adults=1&check_in=2023-01-29&check_out=2023-01-31&previous_page_section_name=1000,"‚Çπ7,562 per night","4.33 out of 5 average rating,  4 reviews"
Coral Castle in Maldives @ Baa Goidhoo,www.airbnb.co.in/rooms/47924061?adults=1&check_in=2023-01-29&check_out=2023-01-31&previous_page_section_name=1000,"‚Çπ4,059 per night",No Review
Ocean Breeze 03,www.airbnb.co.in/rooms/49339209?adults=1&check_in=2023-01-29&check_out=2023-01-31&previous_page_section_name=1000,"‚Çπ6,617 per night","4.2 out of 5 average rating,  5 reviews"
Deluxe Room With Balcony,www.airbnb.co.in/rooms/750028112213583793?adults=1&check_in=2023-01-29&check_out=2023-01-31&previous_page_section_name=1000,"‚Çπ7,572 per night",New place to stay
Bahari lodge,www.airbnb.co.in/rooms/5661903?adults=1&check_in=2023-01-29&check_out=2023-01-31&previous_page_section_name=1000,"‚Çπ4,313 per night","4.76 out of 5 average rating,  108 reviews"
Jr. Jacuzzi Suite with Balcony,www.airbnb.co.in/rooms/734656410881741168?adults=1&check_in=2023-01-29&check_out=2023-01-31&previous_page_section_name=1000,"‚Çπ6,411 per night",No Review
Maldives Adventure,www.airbnb.co.in/rooms/17595382?adults=1&check_in=2023-01-29&check_out=2023-01-31&previous_page_section_name=1000,"‚Çπ7,090 per night","4.86 out of 5 average rating,  23 reviews"
"Deluxe room, Seven Corals",www.airbnb.co.in/rooms/8110877?adults=1&check_in=2023-01-29&check_out=2023-01-31&previous_page_section_name=1000,"‚Çπ5,799 per night","4.67 out of 5 average rating,  12 reviews"
Exotic Palm Gate for your vacation in Maldives,www.airbnb.co.in/rooms/52882404?adults=1&check_in=2023-01-29&check_out=2023-01-31&previous_page_section_name=1000,"‚Çπ3,916 per night",No Review
Beachfront Room - 40 mins speedboat from Male,www.airbnb.co.in/rooms/49103822?adults=1&check_in=2023-01-29&check_out=2023-01-31&previous_page_section_name=1000,"‚Çπ15,125 per night","5.0 out of 5 average rating,  11 reviews"
Dhonfulhafi Retreat  B.Maalhos,www.airbnb.co.in/rooms/19222341?adults=1&check_in=2023-01-29&check_out=2023-01-31&previous_page_section_name=1000,"‚Çπ10,399 per night","4.85 out of 5 average rating,  21 reviews"
Shallow Lagoon Rasdhoo,www.airbnb.co.in/rooms/31256353?adults=1&check_in=2023-01-29&check_out=2023-01-31&previous_page_section_name=1000,"‚Çπ7,562 per night",No Review
"Beach cottage Unique guesthouse , in Rasdhoo",www.airbnb.co.in/rooms/39324110?adults=1&check_in=2023-01-29&check_out=2023-01-31&previous_page_section_name=1000,"‚Çπ8,981 per night",No Review
Classic Sea View Room at a Local Island,www.airbnb.co.in/rooms/742004730450827617?adults=1&check_in=2023-01-29&check_out=2023-01-31&previous_page_section_name=1000,"‚Çπ11,177 per night",New place to stay
Golhaa View INN Thulusdhoo,www.airbnb.co.in/rooms/53801603?adults=1&check_in=2023-01-29&check_out=2023-01-31&previous_page_section_name=1000,"‚Çπ5,672 per night",No Review
"Niru Isle Maldives, Gaafaru",www.airbnb.co.in/rooms/541599024416554859?adults=1&check_in=2023-01-29&check_out=2023-01-31&previous_page_section_name=1000,"‚Çπ6,144 per night","5.0 out of 5 average rating,  3 reviews"
DaisyCottage Dhangethi,www.airbnb.co.in/rooms/47723475?adults=1&check_in=2023-01-29&check_out=2023-01-31&previous_page_section_name=1000,"‚Çπ8,981 per night","5.0 out of 5 average rating,  4 reviews"
Seaview Room with Patio Free Transfer,www.airbnb.co.in/rooms/718138801619496265?adults=1&check_in=2023-01-29&check_out=2023-01-31&previous_page_section_name=1000,"‚Çπ7,349 per night",No Review
Budget Stay in Kaashidhoo island,www.airbnb.co.in/rooms/21756303?adults=1&check_in=2023-01-29&check_out=2023-01-31&previous_page_section_name=1000,"‚Çπ2,894 per night","4.82 out of 5 average rating,  11 reviews"
Homestay Rasdhoo,www.airbnb.co.in/rooms/21209527?adults=1&check_in=2023-01-29&check_out=2023-01-31&previous_page_section_name=1000,"‚Çπ7,487 per night",No Review
welcome to thoddoo sunsky inn guesthouse,www.airbnb.co.in/rooms/631865643193382809?adults=1&check_in=2023-01-29&check_out=2023-01-31&previous_page_section_name=1000,"‚Çπ51,046 per night",No Review
PERLA Dhangethi,www.airbnb.co.in/rooms/35943296?adults=1&check_in=2023-01-29&check_out=2023-01-31&previous_page_section_name=1000,"‚Çπ6,731 per night, originally ‚Çπ10,355",No Review
The beach house,www.airbnb.co.in/rooms/37757254?adults=1&check_in=2023-01-29&check_out=2023-01-31&previous_page_section_name=1000,"‚Çπ6,617 per night","4.33 out of 5 average rating,  3 reviews"
Rasreef Rasdhoo,www.airbnb.co.in/rooms/37913419?adults=1&check_in=2023-01-29&check_out=2023-01-31&previous_page_section_name=1000,"‚Çπ6,144 per night",No Review
One room apartment with a sandy beach in walking,www.airbnb.co.in/rooms/562283993983306637?adults=1&check_in=2023-01-29&check_out=2023-01-31&previous_page_section_name=1000,"‚Çπ7,090 per night",No Review
Cheerful Bedroom next to beach with wifi,www.airbnb.co.in/rooms/758486934414483439?adults=1&check_in=2023-01-29&check_out=2023-01-31&previous_page_section_name=1000,"‚Çπ4,537 per night",New place to stay
Seaview Deluxe - 10 mins from Airport,www.airbnb.co.in/rooms/53522769?adults=1&check_in=2023-01-29&check_out=2023-01-31&previous_page_section_name=1000,"‚Çπ10,871 per night",No Review
Midsummer Thulusdhoo: Midsummer Fun Life,www.airbnb.co.in/rooms/29348503?adults=1&check_in=2023-01-29&check_out=2023-01-31&previous_page_section_name=1000,"‚Çπ4,142 per night","5.0 out of 5 average rating,  3 reviews"
Spacious One Bed Room Apartment,www.airbnb.co.in/rooms/23673851?adults=1&check_in=2023-01-29&check_out=2023-01-31&previous_page_section_name=1000,"‚Çπ7,855 per night","5.0 out of 5 average rating,  23 reviews"
5* Room w/ Infinity Pool - 30 mins boat from Male,www.airbnb.co.in/rooms/46388448?adults=1&check_in=2023-01-29&check_out=2023-01-31&previous_page_section_name=1000,"‚Çπ18,433 per night","4.79 out of 5 average rating,  14 reviews"
Deluxe Double or Twin Room with Balcony,www.airbnb.co.in/rooms/53985723?adults=1&check_in=2023-01-29&check_out=2023-01-31&previous_page_section_name=1000,"‚Çπ3,308 per night",No Review
Maldives All Inclusive Villa,www.airbnb.co.in/rooms/45981663?adults=1&check_in=2023-01-29&check_out=2023-01-31&previous_page_section_name=1000,"‚Çπ23,632 per night",No Review
"Swimming, Snorkeling, Paradise",www.airbnb.co.in/rooms/48387945?adults=1&check_in=2023-01-29&check_out=2023-01-31&previous_page_section_name=1000,"‚Çπ14,179 per night","5.0 out of 5 average rating,  3 reviews"
Deluxe Room in a Private Resort,www.airbnb.co.in/rooms/756818931033170745?adults=1&check_in=2023-01-29&check_out=2023-01-31&previous_page_section_name=1000,"‚Çπ17,015 per night",New place to stay
Thundi Sea View  Open garden Bathroom,www.airbnb.co.in/rooms/2132154?adults=1&check_in=2023-01-29&check_out=2023-01-31&previous_page_section_name=1000,"‚Çπ14,910 per night","4.64 out of 5 average rating,  33 reviews"
Luxury Beachfront Cabin,www.airbnb.co.in/rooms/48381204?adults=1&check_in=2023-01-29&check_out=2023-01-31&previous_page_section_name=1000,"‚Çπ23,632 per night",No Review
Luxury Beachfront Cabin 4 - 30 mins boat from Male,www.airbnb.co.in/rooms/780190055990450987?adults=1&check_in=2023-01-29&check_out=2023-01-31&previous_page_section_name=1000,"‚Çπ23,632 per night",New place to stay
Arianna Dhangethi,www.airbnb.co.in/rooms/40479657?adults=1&check_in=2023-01-29&check_out=2023-01-31&previous_page_section_name=1000,"‚Çπ4,142 per night",No Review
Himmafushi Surfing Home - Sultans,www.airbnb.co.in/rooms/38081225?adults=1&check_in=2023-01-29&check_out=2023-01-31&previous_page_section_name=1000,"‚Çπ5,672 per night","5.0 out of 5 average rating,  10 reviews"
Belvedere Thoddoo,www.airbnb.co.in/rooms/701296210922492151?adults=1&check_in=2023-01-29&check_out=2023-01-31&previous_page_section_name=1000,"‚Çπ10,399 per night",No Review
Cozy Rooms/Couple Special/Sea view Rooms,www.airbnb.co.in/rooms/53071240?adults=1&check_in=2023-01-29&check_out=2023-01-31&previous_page_section_name=1000,"‚Çπ6,144 per night",No Review
Charming privet room hotel with Wifi and AC,www.airbnb.co.in/rooms/689475224018233787?adults=1&check_in=2023-01-29&check_out=2023-01-31&previous_page_section_name=1000,"‚Çπ9,940 per night",No Review
Endheri Sunset Dhangethi,www.airbnb.co.in/rooms/39468115?adults=1&check_in=2023-01-29&check_out=2023-01-31&previous_page_section_name=1000,"‚Çπ10,399 per night","5.0 out of 5 average rating,  7 reviews"
RASDHOO IS MOST RELAXING PLACE,www.airbnb.co.in/rooms/10764706?adults=1&check_in=2023-01-29&check_out=2023-01-31&previous_page_section_name=1000,"‚Çπ8,508 per night","4.82 out of 5 average rating,  12 reviews"
Lovely shared apartment,www.airbnb.co.in/rooms/573621758935180466?adults=1&check_in=2023-01-29&check_out=2023-01-31&previous_page_section_name=1000,"‚Çπ5,672 per night","4.88 out of 5 average rating,  8 reviews"
Queen Suite with Sea View,www.airbnb.co.in/rooms/742638794419423670?adults=1&check_in=2023-01-29&check_out=2023-01-31&previous_page_section_name=1000,"‚Çπ15,430 per night",New place to stay
05 Chao Guesthouse Maafushi. First Floor,www.airbnb.co.in/rooms/19265518?adults=1&check_in=2023-01-29&check_out=2023-01-31&previous_page_section_name=1000,"‚Çπ4,159 per night","4.17 out of 5 average rating,  6 reviews"
Olhumathi View Inn | Budget Home in Maldives,www.airbnb.co.in/rooms/17162769?adults=1&check_in=2023-01-29&check_out=2023-01-31&previous_page_section_name=1000,"‚Çπ37,811 per night","4.75 out of 5 average rating,  4 reviews"
Rasdhoo Dive Club & Divers Home,www.airbnb.co.in/rooms/33968325?adults=1&check_in=2023-01-29&check_out=2023-01-31&previous_page_section_name=1000,"‚Çπ5,199 per night",No Review
Blue World Dharavandhoo,www.airbnb.co.in/rooms/15526911?adults=1&check_in=2023-01-29&check_out=2023-01-31&previous_page_section_name=1000,"‚Çπ7,870 per night","4.89 out of 5 average rating,  10 reviews"
Deluxe Double Room with Free Breakfast & Dinner.,www.airbnb.co.in/rooms/46033331?adults=1&check_in=2023-01-29&check_out=2023-01-31&previous_page_section_name=1000,"‚Çπ9,029 per night",No Review
hotel room 02,www.airbnb.co.in/rooms/11632456?adults=1&check_in=2023-01-29&check_out=2023-01-31&previous_page_section_name=1000,"‚Çπ4,342 per night","4.75 out of 5 average rating,  4 reviews"
"Crystal Dhiffushi, Maldives by LookBookHoliday",www.airbnb.co.in/rooms/726502015389853215?adults=1&check_in=2023-01-29&check_out=2023-01-31&previous_page_section_name=1000,"‚Çπ3,728 per night",No Review
06 Chao Guesthouse Maafushi. First Floor,www.airbnb.co.in/rooms/44428896?adults=1&check_in=2023-01-29&check_out=2023-01-31&previous_page_section_name=1000,"‚Çπ4,159 per night","4.67 out of 5 average rating,  3 reviews"
Panoramic Sea View room with Balcony,www.airbnb.co.in/rooms/739493956757866962?adults=1&check_in=2023-01-29&check_out=2023-01-31&previous_page_section_name=1000,"‚Çπ19,684 per night",New place to stay
Local Island Inn/A.Dh.Hangnaameedho,www.airbnb.co.in/rooms/9969407?adults=1&check_in=2023-01-29&check_out=2023-01-31&previous_page_section_name=1000,"‚Çπ7,090 per night","4.5 out of 5 average rating,  38 reviews"
"ROOMS FROM MAAFUSHI ISLAND, MALDIVES",www.airbnb.co.in/rooms/29586072?adults=1&check_in=2023-01-29&check_out=2023-01-31&previous_page_section_name=1000,"‚Çπ5,199 per night","4.77 out of 5 average rating,  13 reviews"
Luxury Beachfront Cabin 2 - 30 mins boat from Male,www.airbnb.co.in/rooms/698579917881305277?adults=1&check_in=2023-01-29&check_out=2023-01-31&previous_page_section_name=1000,"‚Çπ23,632 per night",No Review
Grand Ocean View Suite,www.airbnb.co.in/rooms/742677899439824773?adults=1&check_in=2023-01-29&check_out=2023-01-31&previous_page_section_name=1000,"‚Çπ13,729 per night",New place to stay
"Stingray beach inn
Tropical luxuries at Maafushi.",www.airbnb.co.in/rooms/24548968?adults=1&check_in=2023-01-29&check_out=2023-01-31&previous_page_section_name=1000,"‚Çπ8,508 per night","4.71 out of 5 average rating,  7 reviews"
Honey Moon Suite on Beach (Free Transfer) Suite 2,www.airbnb.co.in/rooms/716673035150700403?adults=1&check_in=2023-01-29&check_out=2023-01-31&previous_page_section_name=1000,"‚Çπ9,901 per night",No Review
5* Room with infinity pool (CITY VIEW),www.airbnb.co.in/rooms/701161553808489766?adults=1&check_in=2023-01-29&check_out=2023-01-31&previous_page_section_name=1000,"‚Çπ16,070 per night",No Review
"Rosemary Boutique Maafushi, Maldives",www.airbnb.co.in/rooms/38651850?adults=1&check_in=2023-01-29&check_out=2023-01-31&previous_page_section_name=1000,"‚Çπ5,672 per night",No Review
Rosemary Boutique Maafushi,www.airbnb.co.in/rooms/38949848?adults=1&check_in=2023-01-29&check_out=2023-01-31&previous_page_section_name=1000,"‚Çπ4,254 per night","4.5 out of 5 average rating,  4 reviews"
Deluxe Double Room with Seaview,www.airbnb.co.in/rooms/769909713380785831?adults=1&check_in=2023-01-29&check_out=2023-01-31&previous_page_section_name=1000,"‚Çπ6,617 per night",New place to stay
Welcome to iCom Marina Sea view Maafushi island.,www.airbnb.co.in/rooms/675749808172201772?adults=1&check_in=2023-01-29&check_out=2023-01-31&previous_page_section_name=1000,"‚Çπ11,343 per night",No Review
Eveyla Guesthouse Fulidhoo,www.airbnb.co.in/rooms/560574742730242588?adults=1&check_in=2023-01-29&check_out=2023-01-31&previous_page_section_name=1000,"‚Çπ6,736 per night",No Review
Jailbreak Surf Inn,www.airbnb.co.in/rooms/6108664?adults=1&check_in=2023-01-29&check_out=2023-01-31&previous_page_section_name=1000,"‚Çπ6,144 per night","5.0 out of 5 average rating,  4 reviews"
Rasdhoo wave blue guest inn,www.airbnb.co.in/rooms/34141023?adults=1&check_in=2023-01-29&check_out=2023-01-31&previous_page_section_name=1000,"‚Çπ7,090 per night",No Review
MADI FINOLHU GUEST HOUSE -  Beach Guest House,www.airbnb.co.in/rooms/50611067?adults=1&check_in=2023-01-29&check_out=2023-01-31&previous_page_section_name=1000,"‚Çπ6,144 per night",No Review
Reef Edge Thulusdhoo,www.airbnb.co.in/rooms/31500219?adults=1&check_in=2023-01-29&check_out=2023-01-31&previous_page_section_name=1000,"‚Çπ8,698 per night","4.75 out of 5 average rating,  12 reviews"
Maafushi View Guesthouse Room,www.airbnb.co.in/rooms/5621685?adults=1&check_in=2023-01-29&check_out=2023-01-31&previous_page_section_name=1000,"‚Çπ6,144 per night","4.41 out of 5 average rating,  31 reviews"
Brand New Balcony room in Local Island,www.airbnb.co.in/rooms/742539040529664193?adults=1&check_in=2023-01-29&check_out=2023-01-31&previous_page_section_name=1000,"‚Çπ8,199 per night",New place to stay
Black Pearl Himandhoo,www.airbnb.co.in/rooms/641174239742980519?adults=1&check_in=2023-01-29&check_out=2023-01-31&previous_page_section_name=1000,"‚Çπ8,508 per night",No Review
Veli Beach Inn Maldives,www.airbnb.co.in/rooms/22709239?adults=1&check_in=2023-01-29&check_out=2023-01-31&previous_page_section_name=1000,"‚Çπ8,508 per night",No Review
Economy Single-EP @Chen Beach Inn,www.airbnb.co.in/rooms/584565442279255393?adults=1&check_in=2023-01-29&check_out=2023-01-31&previous_page_section_name=1000,"‚Çπ4,722 per night",No Review
Paralian Sea-View Hotel,www.airbnb.co.in/rooms/22678592?adults=1&check_in=2023-01-29&check_out=2023-01-31&previous_page_section_name=1000,"‚Çπ11,705 per night","4.54 out of 5 average rating,  24 reviews"
Low cost Maldives,www.airbnb.co.in/rooms/31054275?adults=1&check_in=2023-01-29&check_out=2023-01-31&previous_page_section_name=1000,"‚Çπ7,090 per night","4.9 out of 5 average rating,  11 reviews"
Local Paradise Rasdhoo,www.airbnb.co.in/rooms/9337092?adults=1&check_in=2023-01-29&check_out=2023-01-31&previous_page_section_name=1000,"‚Çπ9,476 per night","4.67 out of 5 average rating,  6 reviews"
HUDHU VELAA,www.airbnb.co.in/rooms/41505701?adults=1&check_in=2023-01-29&check_out=2023-01-31&previous_page_section_name=1000,"‚Çπ4,727 per night",No Review
Full house with four rooms,www.airbnb.co.in/rooms/22981441?adults=1&check_in=2023-01-29&check_out=2023-01-31&previous_page_section_name=1000,"‚Çπ10,013 per night",No Review
Maldives on a budget,www.airbnb.co.in/rooms/35245043?adults=1&check_in=2023-01-29&check_out=2023-01-31&previous_page_section_name=1000,"‚Çπ5,199 per night",No Review
Cosy Room - 10 mins from Airport,www.airbnb.co.in/rooms/47917005?adults=1&check_in=2023-01-29&check_out=2023-01-31&previous_page_section_name=1000,"‚Çπ8,035 per night","4.33 out of 5 average rating,  3 reviews"
Private Room Nestled Admist Watermelon Fields (2),www.airbnb.co.in/rooms/559850825249659548?adults=1&check_in=2023-01-29&check_out=2023-01-31&previous_page_section_name=1000,"‚Çπ8,508 per night",No Review
Ithaa Thoddoo Inn,www.airbnb.co.in/rooms/30762437?adults=1&check_in=2023-01-29&check_out=2023-01-31&previous_page_section_name=1000,"‚Çπ6,793 per night",No Review
Beachfront Studio - 10 mins from Airport,www.airbnb.co.in/rooms/48035914?adults=1&check_in=2023-01-29&check_out=2023-01-31&previous_page_section_name=1000,"‚Çπ15,597 per night",No Review
Brand New Hotel Room - 20 minutes from airport,www.airbnb.co.in/rooms/725272967203893797?adults=1&check_in=2023-01-29&check_out=2023-01-31&previous_page_section_name=1000,"‚Çπ7,774 per night",No Review
excursion host provides budget stay,www.airbnb.co.in/rooms/13138694?adults=1&check_in=2023-01-29&check_out=2023-01-31&previous_page_section_name=1000,"‚Çπ7,562 per night",No Review
Whale Shark House 60 minute speedboat from Airport,www.airbnb.co.in/rooms/720281507105402438?adults=1&check_in=2023-01-29&check_out=2023-01-31&previous_page_section_name=1000,"‚Çπ11,320 per night",No Review
"Rasdu View Inn, your Home in the Heart of Maldives",www.airbnb.co.in/rooms/53683490?adults=1&check_in=2023-01-29&check_out=2023-01-31&previous_page_section_name=1000,"‚Çπ7,874 per night, originally ‚Çπ9,092",No Review
Luxury beach hotel @Hangnaameedhoo Maldives,www.airbnb.co.in/rooms/53981568?adults=1&check_in=2023-01-29&check_out=2023-01-31&previous_page_section_name=1000,"‚Çπ5,730 per night",No Review
Deluxe double city view,www.airbnb.co.in/rooms/781686045300558375?adults=1&check_in=2023-01-29&check_out=2023-01-31&previous_page_section_name=1000,"‚Çπ6,617 per night",New place to stay
Sevinex Maldives,www.airbnb.co.in/rooms/38326277?adults=1&check_in=2023-01-29&check_out=2023-01-31&previous_page_section_name=1000,"‚Çπ8,413 per night",No Review
Deluxe Double Room,www.airbnb.co.in/rooms/768478986448755349?adults=1&check_in=2023-01-29&check_out=2023-01-31&previous_page_section_name=1000,"‚Çπ7,090 per night",New place to stay
"Bahaaru villa, a cozy stay in the surf paradise",www.airbnb.co.in/rooms/23787902?adults=1&check_in=2023-01-29&check_out=2023-01-31&previous_page_section_name=1000,"‚Çπ16,351 per night",No Review
Perfect place for your vacation.,www.airbnb.co.in/rooms/782258179804173708?adults=1&check_in=2023-01-29&check_out=2023-01-31&previous_page_section_name=1000,"‚Çπ5,672 per night",New place to stay
private room,www.airbnb.co.in/rooms/48354154?adults=1&check_in=2023-01-29&check_out=2023-01-31&previous_page_section_name=1000,"‚Çπ4,703 per night",No Review
Sunset Holidays Maldives,www.airbnb.co.in/rooms/38556073?adults=1&check_in=2023-01-29&check_out=2023-01-31&previous_page_section_name=1000,"‚Çπ7,128 per night",New place to stay
RANAURA INN,www.airbnb.co.in/rooms/29309510?adults=1&check_in=2023-01-29&check_out=2023-01-31&previous_page_section_name=1000,"‚Çπ5,418 per night",No Review
Seaview Sunrise - Beachfront & Close to Airport!,www.airbnb.co.in/rooms/15137203?adults=1&check_in=2023-01-29&check_out=2023-01-31&previous_page_section_name=1000,"‚Çπ17,961 per night","4.86 out of 5 average rating,  7 reviews"
"Athiri Inn ""Take me to the beach""",www.airbnb.co.in/rooms/6393611?adults=1&check_in=2023-01-29&check_out=2023-01-31&previous_page_section_name=1000,"‚Çπ8,284 per night",No Review
"La Cabana Hotel, Maldives",www.airbnb.co.in/rooms/53675621?adults=1&check_in=2023-01-29&check_out=2023-01-31&previous_page_section_name=1000,"‚Çπ7,090 per night",No Review
Holiday in Maldives,www.airbnb.co.in/rooms/9386979?adults=1&check_in=2023-01-29&check_out=2023-01-31&previous_page_section_name=1000,"‚Çπ10,399 per night",No Review
ilaa Beach Maldives,www.airbnb.co.in/rooms/35369430?adults=1&check_in=2023-01-29&check_out=2023-01-31&previous_page_section_name=1000,"‚Çπ4,254 per night","3.5 out of 5 average rating,  5 reviews"
Charming One Bedroom Apartment in Boutique Hotel,www.airbnb.co.in/rooms/742721187583538003?adults=1&check_in=2023-01-29&check_out=2023-01-31&previous_page_section_name=1000,"‚Çπ18,834 per night",New place to stay
Closest guesthouse to bikini beach in Mathiveri!,www.airbnb.co.in/rooms/27806969?adults=1&check_in=2023-01-29&check_out=2023-01-31&previous_page_section_name=1000,"‚Çπ7,090 per night",No Review
"02 Fushima Veli
Holiday Home",www.airbnb.co.in/rooms/623908171898149798?adults=1&check_in=2023-01-29&check_out=2023-01-31&previous_page_section_name=1000,"‚Çπ8,035 per night",No Review
"Finest gateway, guest house in the Maldives|FB WS",www.airbnb.co.in/rooms/715026923153532291?adults=1&check_in=2023-01-29&check_out=2023-01-31&previous_page_section_name=1000,"‚Çπ13,234 per night",No Review
Al-Hub Asaa,www.airbnb.co.in/rooms/30929271?adults=1&check_in=2023-01-29&check_out=2023-01-31&previous_page_section_name=1000,"‚Çπ8,981 per night",No Review
SEAVIEW  - WHITE HARP BEACH HOTEL,www.airbnb.co.in/rooms/10742099?adults=1&check_in=2023-01-29&check_out=2023-01-31&previous_page_section_name=1000,"‚Çπ8,508 per night","4.13 out of 5 average rating,  8 reviews"
ISLAND BREAK Guest House Maldives,www.airbnb.co.in/rooms/20695798?adults=1&check_in=2023-01-29&check_out=2023-01-31&previous_page_section_name=1000,"‚Çπ6,144 per night","4.71 out of 5 average rating,  8 reviews"
Detour beach view,www.airbnb.co.in/rooms/779088871234123883?adults=1&check_in=2023-01-29&check_out=2023-01-31&previous_page_section_name=1000,"‚Çπ5,388 per night",New place to stay
Beach Veli Deluxe Room,www.airbnb.co.in/rooms/47042204?adults=1&check_in=2023-01-29&check_out=2023-01-31&previous_page_section_name=1000,"‚Çπ13,121 per night",No Review
Affordable prices,www.airbnb.co.in/rooms/25959745?adults=1&check_in=2023-01-29&check_out=2023-01-31&previous_page_section_name=1000,"‚Çπ8,508 per night",No Review
Maalhos Thila Inn,www.airbnb.co.in/rooms/36939315?adults=1&check_in=2023-01-29&check_out=2023-01-31&previous_page_section_name=1000,"‚Çπ7,870 per night",No Review
Local Island inn,www.airbnb.co.in/rooms/21779705?adults=1&check_in=2023-01-29&check_out=2023-01-31&previous_page_section_name=1000,"‚Çπ6,144 per night","4.0 out of 5 average rating,  5 reviews"
Midsummer Thulusdhoo: Midsummer Fragrance,www.airbnb.co.in/rooms/38690373?adults=1&check_in=2023-01-29&check_out=2023-01-31&previous_page_section_name=1000,"‚Çπ7,455 per night",No Review
"Deluxe Double Room with Breakfast, Lunch & Dinner.",www.airbnb.co.in/rooms/46033407?adults=1&check_in=2023-01-29&check_out=2023-01-31&previous_page_section_name=1000,"‚Çπ11,035 per night",No Review
Maldives All Inclusive Package,www.airbnb.co.in/rooms/25241477?adults=1&check_in=2023-01-29&check_out=2023-01-31&previous_page_section_name=1000,"‚Çπ14,179 per night","3.67 out of 5 average rating,  3 reviews"
Charming private room in a beautiful island,www.airbnb.co.in/rooms/709101609881055791?adults=1&check_in=2023-01-29&check_out=2023-01-31&previous_page_section_name=1000,"‚Çπ8,508 per night",No Review
Ukulhas Villa,www.airbnb.co.in/rooms/21654299?adults=1&check_in=2023-01-29&check_out=2023-01-31&previous_page_section_name=1000,"‚Çπ24,851 per night","4.64 out of 5 average rating,  13 reviews"
Welcome to Maldives we are offering 1 bedroom,www.airbnb.co.in/rooms/610869551881883908?adults=1&check_in=2023-01-29&check_out=2023-01-31&previous_page_section_name=1000,"‚Çπ5,483 per night",No Review
Surf Deck Thulusdhoo Budget Single Room,www.airbnb.co.in/rooms/21427831?adults=1&check_in=2023-01-29&check_out=2023-01-31&previous_page_section_name=1000,"‚Çπ5,219 per night",No Review
Deluxe Room With Patio,www.airbnb.co.in/rooms/764518058664444582?adults=1&check_in=2023-01-29&check_out=2023-01-31&previous_page_section_name=1000,"‚Çπ11,343 per night",New place to stay
BEACH HOUSE,www.airbnb.co.in/rooms/41656035?adults=1&check_in=2023-01-29&check_out=2023-01-31&previous_page_section_name=1000,"‚Çπ5,672 per night",No Review
RASDHOO GRAND AND SPA,www.airbnb.co.in/rooms/42192269?adults=1&check_in=2023-01-29&check_out=2023-01-31&previous_page_section_name=1000,"‚Çπ7,562 per night",No Review
Rasdhoo Sunset view,www.airbnb.co.in/rooms/20769112?adults=1&check_in=2023-01-29&check_out=2023-01-31&previous_page_section_name=1000,"‚Çπ6,144 per night",No Review
Bougainvilleainn Queen Room 2~Private GardenPatio,www.airbnb.co.in/rooms/41571159?adults=1&check_in=2023-01-29&check_out=2023-01-31&previous_page_section_name=1000,"‚Çπ5,672 per night",No Review
Feel the real Maldivian life,www.airbnb.co.in/rooms/16691727?adults=1&check_in=2023-01-29&check_out=2023-01-31&previous_page_section_name=1000,"‚Çπ6,144 per night",No Review
rasdhoo maldives madivaru sandbank best quality,www.airbnb.co.in/rooms/23039744?adults=1&check_in=2023-01-29&check_out=2023-01-31&previous_page_section_name=1000,"‚Çπ9,453 per night",No Review
"Crown beach hotel dhiffushi
Private beach hotel",www.airbnb.co.in/rooms/47589685?adults=1&check_in=2023-01-29&check_out=2023-01-31&previous_page_section_name=1000,"‚Çπ7,562 per night",No Review
Family Room w/ Bathtub,www.airbnb.co.in/rooms/670709827394841041?adults=1&check_in=2023-01-29&check_out=2023-01-31&previous_page_section_name=1000,"‚Çπ8,508 per night","5.0 out of 5 average rating,  4 reviews"
Beach Veli Family Room,www.airbnb.co.in/rooms/47041169?adults=1&check_in=2023-01-29&check_out=2023-01-31&previous_page_section_name=1000,"‚Çπ14,351 per night",No Review
"Affordable Rooms in Maafushi, Maldives",www.airbnb.co.in/rooms/41939834?adults=1&check_in=2023-01-29&check_out=2023-01-31&previous_page_section_name=1000,"‚Çπ7,090 per night",No Review
Low budget comfy stay,www.airbnb.co.in/rooms/718477545584561366?adults=1&check_in=2023-01-29&check_out=2023-01-31&previous_page_section_name=1000,"‚Çπ5,294 per night",No Review
Himmafushi Surfing Home - Jailbreaks,www.airbnb.co.in/rooms/38079034?adults=1&check_in=2023-01-29&check_out=2023-01-31&previous_page_section_name=1000,"‚Çπ5,672 per night","5.0 out of 5 average rating,  3 reviews"
Rasreef Rasdhoo Maldives,www.airbnb.co.in/rooms/29149199?adults=1&check_in=2023-01-29&check_out=2023-01-31&previous_page_section_name=1000,"‚Çπ5,956 per night",No Review
"Old Town Inn , Gaafaru, Maldives",www.airbnb.co.in/rooms/25385895?adults=1&check_in=2023-01-29&check_out=2023-01-31&previous_page_section_name=1000,"‚Çπ6,144 per night",No Review
Beach front Villa in Gulhi island Maldives,www.airbnb.co.in/rooms/600487806321761969?adults=1&check_in=2023-01-29&check_out=2023-01-31&previous_page_section_name=1000,"‚Çπ9,453 per night",No Review
Pearl Boutique Hotel 103,www.airbnb.co.in/rooms/39411130?adults=1&check_in=2023-01-29&check_out=2023-01-31&previous_page_section_name=1000,"‚Çπ4,400 per night",No Review
Batuta Maldives Fourson,www.airbnb.co.in/rooms/634576177161901124?adults=1&check_in=2023-01-29&check_out=2023-01-31&previous_page_section_name=1000,"‚Çπ7,090 per night",No Review
Deluxe Double Beach Front Room with Balcony,www.airbnb.co.in/rooms/720782809549497352?adults=1&check_in=2023-01-29&check_out=2023-01-31&previous_page_section_name=1000,"‚Çπ11,352 per night",No Review
"Affordable room in Maafushi, Maldives",www.airbnb.co.in/rooms/41858532?adults=1&check_in=2023-01-29&check_out=2023-01-31&previous_page_section_name=1000,"‚Çπ7,090 per night",No Review
Romantic Beachfront Cabin- 30 mins boat from Male,www.airbnb.co.in/rooms/724436141872158651?adults=1&check_in=2023-01-29&check_out=2023-01-31&previous_page_section_name=1000,"‚Çπ26,468 per night",No Review
"Sea View Villa Ukulhas, Maldives",www.airbnb.co.in/rooms/48233038?adults=1&check_in=2023-01-29&check_out=2023-01-31&previous_page_section_name=1000,"‚Çπ14,179 per night",No Review
Cozy Chic Studio Suite - W/Beach & Island,www.airbnb.co.in/rooms/720731252140591089?adults=1&check_in=2023-01-29&check_out=2023-01-31&previous_page_section_name=1000,"‚Çπ8,946 per night",No Review
EM Beach Maldives,www.airbnb.co.in/rooms/21862482?adults=1&check_in=2023-01-29&check_out=2023-01-31&previous_page_section_name=1000,"‚Çπ7,090 per night","4.0 out of 5 average rating,  5 reviews"
"Deluxe Double Seaview Room, Seven Corals",www.airbnb.co.in/rooms/711535848469939872?adults=1&check_in=2023-01-29&check_out=2023-01-31&previous_page_section_name=1000,"‚Çπ7,124 per night",No Review
Lovely 1 bedroom in an apartment,www.airbnb.co.in/rooms/573627413673019334?adults=1&check_in=2023-01-29&check_out=2023-01-31&previous_page_section_name=1000,"‚Çπ5,672 per night",No Review
Maafushi Hotel - Indoor Pool - Family Suite,www.airbnb.co.in/rooms/648951388437684895?adults=1&check_in=2023-01-29&check_out=2023-01-31&previous_page_section_name=1000,"‚Çπ7,090 per night",No Review
Diving Lodge - 40 mins speedboat from Male,www.airbnb.co.in/rooms/54061875?adults=1&check_in=2023-01-29&check_out=2023-01-31&previous_page_section_name=1000,"‚Çπ11,343 per night",No Review
Garden Villa in Resort - 10 minutes to Airport,www.airbnb.co.in/rooms/740569628901642067?adults=1&check_in=2023-01-29&check_out=2023-01-31&previous_page_section_name=1000,"‚Çπ24,113 per night",New place to stay
Deluxe Double Room--cp@Island Host,www.airbnb.co.in/rooms/3148174?adults=1&check_in=2023-01-29&check_out=2023-01-31&previous_page_section_name=1000,"‚Çπ7,306 per night",No Review
Balcony Room in Surfing Point - Free Transfer,www.airbnb.co.in/rooms/730871219374529429?adults=1&check_in=2023-01-29&check_out=2023-01-31&previous_page_section_name=1000,"‚Çπ6,072 per night",No Review
The best value under the sun,www.airbnb.co.in/rooms/8703767?adults=1&check_in=2023-01-29&check_out=2023-01-31&previous_page_section_name=1000,"‚Çπ6,144 per night","3.64 out of 5 average rating,  11 reviews"
CV Room w/ infinity pool - 30 mins boat from Male,www.airbnb.co.in/rooms/701173787309627728?adults=1&check_in=2023-01-29&check_out=2023-01-31&previous_page_section_name=1000,"‚Çπ15,597 per night",No Review
EXCURSION HOST'S RASDHOO HOLIDAY,www.airbnb.co.in/rooms/11649399?adults=1&check_in=2023-01-29&check_out=2023-01-31&previous_page_section_name=1000,"‚Çπ8,035 per night",No Review
Deluxe/ King room on beachfront on a local island,www.airbnb.co.in/rooms/502507023612458030?adults=1&check_in=2023-01-29&check_out=2023-01-31&previous_page_section_name=1000,"‚Çπ7,041 per night",No Review
The Aqua Blue at Rasdhoo,www.airbnb.co.in/rooms/21653609?adults=1&check_in=2023-01-29&check_out=2023-01-31&previous_page_section_name=1000,"‚Çπ9,642 per night, originally ‚Çπ11,133",No Review
Economy Double-EP@Chenn Beach Inn,www.airbnb.co.in/rooms/595346580400807646?adults=1&check_in=2023-01-29&check_out=2023-01-31&previous_page_section_name=1000,"‚Çπ4,970 per night",No Review
Mandhoo Inn,www.airbnb.co.in/rooms/45172203?adults=1&check_in=2023-01-29&check_out=2023-01-31&previous_page_section_name=1000,"‚Çπ8,508 per night",No Review
Honeymoon Room From a Charming Maldivian Island,www.airbnb.co.in/rooms/48175370?adults=1&check_in=2023-01-29&check_out=2023-01-31&previous_page_section_name=1000,"‚Çπ12,289 per night",No Review
Luxury Balcony Room weekly room with balcony,www.airbnb.co.in/rooms/723084176619098048?adults=1&check_in=2023-01-29&check_out=2023-01-31&previous_page_section_name=1000,"‚Çπ12,878 per night",No Review
miyaru beach house,www.airbnb.co.in/rooms/31072207?adults=1&check_in=2023-01-29&check_out=2023-01-31&previous_page_section_name=1000,"‚Çπ8,800 per night",No Review
1 bedroom luxury apartment,www.airbnb.co.in/rooms/681733001818485938?adults=1&check_in=2023-01-29&check_out=2023-01-31&previous_page_section_name=1000,"‚Çπ6,144 per night",No Review
"EXCURSIONS n HOSPITALITY 
  by AMIR",www.airbnb.co.in/rooms/17369827?adults=1&check_in=2023-01-29&check_out=2023-01-31&previous_page_section_name=1000,"‚Çπ7,562 per night",No Review
Endheri Sunset Dhangethi - Garden view rooms,www.airbnb.co.in/rooms/40859250?adults=1&check_in=2023-01-29&check_out=2023-01-31&previous_page_section_name=1000,"‚Çπ8,508 per night",No Review
Charming Balcony Room in Local Island,www.airbnb.co.in/rooms/742544268399671544?adults=1&check_in=2023-01-29&check_out=2023-01-31&previous_page_section_name=1000,"‚Çπ13,644 per night",New place to stay
Deluxe Room,www.airbnb.co.in/rooms/52194632?adults=1&check_in=2023-01-29&check_out=2023-01-31&previous_page_section_name=1000,"‚Çπ9,112 per night",No Review
Aquatic vibes,www.airbnb.co.in/rooms/25317341?adults=1&check_in=2023-01-29&check_out=2023-01-31&previous_page_section_name=1000,"‚Çπ8,981 per night",No Review
Deluxe  Balcony Room - 45 minutes away to airport,www.airbnb.co.in/rooms/720162717023455562?adults=1&check_in=2023-01-29&check_out=2023-01-31&previous_page_section_name=1000,"‚Çπ12,453 per night",No Review
Bright & Beachfront Room,www.airbnb.co.in/rooms/27972200?adults=1&check_in=2023-01-29&check_out=2023-01-31&previous_page_section_name=1000,"‚Çπ11,343 per night",No Review
